review,rating,date,bank,source,sentiment_label,sentiment_score,themes
Good application,4,2025-11-27,CBE,Google Play,positive,0.4404,Other
It is nice app,5,2025-11-26,CBE,Google Play,positive,0.4215,Other
best,5,2025-11-25,CBE,Google Play,positive,0.6369,Other
good app,5,2025-11-25,CBE,Google Play,positive,0.4404,Other
"it suddenly asked me to enter the verification key I received. and it (*get your verification key from the nearest CBE Branch*) Now I'm in Australia, what do you expect me to do???! There is no nearest or furthermost cbe Branch!! SO FRUSTRATING! How can I manage my bank account now????",1,2025-11-25,CBE,Google Play,negative,-0.8979,Account Access Issues
nice app...,5,2025-11-25,CBE,Google Play,positive,0.4215,Other
very good banking service and fast service,5,2025-11-24,CBE,Google Play,positive,0.4927,Customer Support
thanks blc this app help me to use all time,5,2025-11-24,CBE,Google Play,positive,0.6808,Customer Support
good,5,2025-11-24,CBE,Google Play,positive,0.4404,Other
why we can't send money to other people telebirr wallets??,1,2025-11-24,CBE,Google Play,neutral,0.0,Other
·ä†·â≥·çç·à©·àù ·åç·äï ·àà15 birr 11.50 ·â•·à≠ ·àµ·âµ·âÜ·à≠·å° ·ã≠·àµ·â∞·ä´·ä®·àç·àç·äï,1,2025-11-23,CBE,Google Play,neutral,0.0,Other
·â†·å£·àù ·âÄ·àã·àç·äì ·àù·âπ ·äê·ãç·ç¢,5,2025-11-23,CBE,Google Play,neutral,0.0,Other
wow,5,2025-11-23,CBE,Google Play,positive,0.5859,Other
nice,5,2025-11-22,CBE,Google Play,positive,0.4215,Other
you are the reason why i got ye chogara himem,1,2025-11-22,CBE,Google Play,neutral,0.0,Other
it is so smart app i recommend it for everyone,5,2025-11-22,CBE,Google Play,positive,0.7177,Other
excellent,5,2025-11-22,CBE,Google Play,positive,0.5719,Other
·ã≥·åä,5,2025-11-21,CBE,Google Play,neutral,0.0,Other
absolutely right,5,2025-11-21,CBE,Google Play,neutral,0.0,Other
mid application it's so annoying,3,2025-11-20,CBE,Google Play,negative,-0.541,Other
I used morethan one year,4,2025-11-20,CBE,Google Play,neutral,0.0,Other
no word can explane about this app it is nice üëçüëçüëçüëçüëç,5,2025-11-20,CBE,Google Play,positive,0.1531,Other
"It's great app,I love this app",5,2025-11-20,CBE,Google Play,positive,0.8519,Other
Nice,5,2025-11-19,CBE,Google Play,positive,0.4215,Other
suckkkks,1,2025-11-19,CBE,Google Play,neutral,0.0,Other
not allowing to transfer and showing current statement updates.,1,2025-11-19,CBE,Google Play,neutral,0.0,"Transaction Performance, Feature Requests"
I love you this app,5,2025-11-19,CBE,Google Play,positive,0.6369,Other
"fast and convenient app, thanks for your dedication as a bank to provide good options to your cuatomers.",1,2025-11-19,CBE,Google Play,positive,0.7003,Other
make life easy,5,2025-11-19,CBE,Google Play,positive,0.4404,Other
securr,5,2025-11-19,CBE,Google Play,neutral,0.0,Other
My most optional bank,5,2025-11-17,CBE,Google Play,neutral,0.0,Other
5 star,5,2025-11-17,CBE,Google Play,neutral,0.0,Other
it is fantastic app.,5,2025-11-16,CBE,Google Play,positive,0.5574,Other
sifen,5,2025-11-16,CBE,Google Play,neutral,0.0,Other
i like this‚àö,4,2025-11-16,CBE,Google Play,positive,0.3612,Other
Ok,3,2025-11-16,CBE,Google Play,positive,0.296,Other
·å•·à© App ·äê·ãâ ·ç¢ ·ã®·äî ·ã®·åç·àç ·ä†·àµ·â∞·ã´·ã®·âµ- Update ·ãà·ã≠·äï·àù cache cleaning app ·à≤·ã∞·à®·åç ·àà·àù·äï·ãµ·äê·ãâ ·ã∞·åç·àò·äï login ·àµ·äì·ã∞·à≠·åç Restricted ·àö·ã´·ã∞·à≠·åà·ãâ ·â¢·àµ·â∞·ä´·ä®·àç ·ä•·äï·ã∞ ·àÄ·à≥·â• ·å•·à© ·äê·ãâ·ç¢ ·â†·ãõ·àã·ã≠ ·ãµ·åã·àö ·ä†·ä≠·â≤·â¨·âµ ·àà·àõ·àµ·ã∞·à®·åç ·ä®·çç·àà·äï ..,5,2025-11-15,CBE,Google Play,negative,-0.3818,"Account Access Issues, Feature Requests"
"Seriously, what‚Äôs going on with this app? The ""Pay to Beneficiary"" option is completely disabled for Android users, yet iOS users get full access without restrictions. Why are Android users being treated like second class customers? It‚Äôs the same app, the same service, but clearly not the same experience. This kind of platform bias is unacceptable, either give everyone the same features or be transparent about why you‚Äôre limiting functionality. Right now, it just feels unfair and frustrating.",1,2025-11-15,CBE,Google Play,negative,-0.8466,"Customer Support, Feature Requests"
Like,5,2025-11-13,CBE,Google Play,positive,0.3612,Other
Nice and very useful app i like it!,5,2025-11-13,CBE,Google Play,positive,0.831,Other
Good,5,2025-11-13,CBE,Google Play,positive,0.4404,Other
smart app,4,2025-11-12,CBE,Google Play,positive,0.4019,Other
good App,5,2025-11-12,CBE,Google Play,positive,0.4404,Other
sync problem may 22 2025 but the date stack on may 8 2025 help pls,5,2025-11-12,CBE,Google Play,positive,0.4854,Customer Support
ok,5,2025-11-11,CBE,Google Play,positive,0.296,Other
cbe is my choice,4,2025-11-11,CBE,Google Play,neutral,0.0,Other
Awesome,5,2025-11-11,CBE,Google Play,positive,0.6249,Other
I am not able to transfer. The app is not responding,1,2025-11-11,CBE,Google Play,neutral,0.0,Transaction Performance
Very convenient App,5,2025-11-11,CBE,Google Play,neutral,0.0,Other
excellent but sometimes can not connect,5,2025-11-10,CBE,Google Play,positive,0.3291,Other
wow apk,5,2025-11-10,CBE,Google Play,positive,0.5859,Other
best 100 %,5,2025-11-10,CBE,Google Play,positive,0.6369,Other
bad app,1,2025-11-10,CBE,Google Play,negative,-0.5423,Other
best app,5,2025-11-10,CBE,Google Play,positive,0.6369,Other
nice app,5,2025-11-10,CBE,Google Play,positive,0.4215,Other
the app constantly glitches and won't stop loading despite having a decent connection and a cleared cache. telebirr is way better,1,2025-11-10,CBE,Google Play,positive,0.6355,Other
I can't access it properly I think it needs update,1,2025-11-10,CBE,Google Play,neutral,0.0,Feature Requests
üëåüëå,5,2025-11-10,CBE,Google Play,positive,0.9055,Other
best üëå,5,2025-11-10,CBE,Google Play,positive,0.8842,Other
not Refresh,2,2025-11-10,CBE,Google Play,neutral,0.0,Other
your statement is not used as wanted,1,2025-11-10,CBE,Google Play,neutral,0.0,Other
good very good,5,2025-11-09,CBE,Google Play,positive,0.7264,Other
this is absolute trash why because it's not Woking most time the servers are down even though I'm using 4g data Internet they steal not working they use to work with out even data package now it's trash can't even send money,1,2025-11-09,CBE,Google Play,negative,-0.4939,Other
Bayeee galatooma kana caalati nu gammachisa üåèü§åüèªüí¥üí∏ü•∞üëåüèªüôèüèª,5,2025-11-08,CBE,Google Play,positive,0.9251,Other
Good !,5,2025-11-08,CBE,Google Play,positive,0.4926,Other
i like it,5,2025-11-08,CBE,Google Play,positive,0.3612,Other
Very nice app,5,2025-11-08,CBE,Google Play,positive,0.4754,Other
the app is not functional this week.,4,2025-11-08,CBE,Google Play,neutral,0.0,Other
very updated bank,5,2025-11-06,CBE,Google Play,neutral,0.0,Feature Requests
tankyu,5,2025-11-05,CBE,Google Play,neutral,0.0,Other
Numbers 2 and 3 don't write during pin verification.,5,2025-11-05,CBE,Google Play,neutral,0.0,Other
"once it is uninstalled, you need to visit a nearby bank. you go there and they ask you to have a new sim card which hasn't been used before. so you should buy a new sim card and you go back to them with a new sim card, when you reach there service provider says authentication pin is not arrive, the system is not working come back tomorrow.",1,2025-11-05,CBE,Google Play,neutral,0.0258,Customer Support
loved it,5,2025-11-05,CBE,Google Play,positive,0.5994,Other
this app is not working on my phone,5,2025-11-03,CBE,Google Play,neutral,0.0,Other
CBE needs to show transaction fees before the transaction is confirmed and not after. This is a big issue as fees are no longer insignificant.,3,2025-11-03,CBE,Google Play,neutral,-0.0423,Other
"After the recent updates, I am unable to download a receipt. I can't see the names of account holders I've previously transacted with. Very important. Please fix it asap.",1,2025-11-03,CBE,Google Play,positive,0.5678,"Account Access Issues, Feature Requests"
wow üòòüòòüòò,4,2025-11-02,CBE,Google Play,positive,0.9042,Other
mobile banking broblem,5,2025-11-01,CBE,Google Play,neutral,0.0,Other
good job,5,2025-11-01,CBE,Google Play,positive,0.4404,Other
it is a good and clear apps to use,4,2025-10-31,CBE,Google Play,positive,0.6705,Other
·àà·àù·äï·ãµ·äï ·äê·ãç ·ä®·äï·åç·ãµ ·â£·äï·ä≠ ·ãà·ã∞ ·â¥·àå·â•·à≠ 5 ·â•·à≠ ·à≤·â∞·àã·àà·çç 11 ·â•·à≠ ·ä•·äï·ã≤·âÜ·à≠·å• ·ã´·ã∞·à®·åã·âΩ·àÅ·âµ,1,2025-10-31,CBE,Google Play,neutral,0.0,Other
I love this app b/c every option in the app very clear and supportive.,5,2025-10-30,CBE,Google Play,positive,0.861,Customer Support
niiceh,5,2025-10-29,CBE,Google Play,neutral,0.0,Other
the app is good but their is no dark mode you have to add it,3,2025-10-29,CBE,Google Play,negative,-0.2144,Other
ü§Æ,1,2025-10-29,CBE,Google Play,neutral,0.0,Other
abdulakim abrahim elemoo,5,2025-10-29,CBE,Google Play,neutral,0.0,Other
strong,5,2025-10-28,CBE,Google Play,positive,0.5106,Other
Abebaw Zenebe,5,2025-10-28,CBE,Google Play,neutral,0.0,Other
good I love it keep it up but if we had a new update that will be fire Soo good,5,2025-10-27,CBE,Google Play,positive,0.6486,Feature Requests
Cbe,5,2025-10-27,CBE,Google Play,neutral,0.0,Other
Active and granted system,5,2025-10-27,CBE,Google Play,positive,0.5719,Other
fast app,4,2025-10-27,CBE,Google Play,neutral,0.0,Other
cool üòé,5,2025-10-27,CBE,Google Play,positive,0.6486,Other
Galaxy A10s,3,2025-10-26,CBE,Google Play,neutral,0.0,Other
the best apps,5,2025-10-26,CBE,Google Play,positive,0.6369,Other
arif app new,5,2025-10-26,CBE,Google Play,neutral,0.0,Other
laga Bari biranch,5,2025-10-26,CBE,Google Play,neutral,0.0,Other
·äê·äê·à†·äê·à†·à†·äê·à†·à†·à†·à†·äê·ã®·äê,5,2025-10-26,CBE,Google Play,neutral,0.0,Other
I would like to suggest you improve the time out as it takes the money and doesn't return it back until the next day.,3,2025-10-25,CBE,Google Play,positive,0.6597,Other
Attractive,5,2025-10-25,CBE,Google Play,positive,0.4404,Other
mite,5,2025-10-24,CBE,Google Play,neutral,0.0,Other
useful,5,2025-10-24,CBE,Google Play,positive,0.4404,Other
"not good, not bad!",3,2025-10-23,CBE,Google Play,negative,-0.6208,Other
very good,5,2025-10-23,CBE,Google Play,positive,0.4927,Other
·ä•·åÖ·åç ·â†·å£·àù ·ä†·àµ·âÄ·ã´·àö ·å†·âÅ·ä†·àù ·ãò·à®·çã ·â†·àö·â£·àç ·ã∞·à≠·åÉ ·ã® ·ä†·åà·àç·åç·àé·âµ ·ã®·àö·âÄ·â†·àç ·ã´·àç·à∞·à´·â†·âµ·äï ·ã®·åà·ãõ ·åà·äï·ãù·â†·â£·âΩ·äï·äï ·â∞·ãò·à®·çç·äï ·ä® 100·â•·à≠ 10·â•·à≠ ·ã®·ä†·åà·àç·åç·àé·âµ ·àõ·àµ·ä®·çà·àç ·àù·äï ·àõ·àà·âµ ·äê·ãç ·ä•·â£·ä´·âΩ·àÅ ·ä•·ã©·âµ ·ä•·àµ·âµ·ã≠ ·ä® ·àû·â£·ã≠·àç ·â£·äï·ä≠ ·ãà·ã∞ ampsa ·ä†·àµ·â∞·àã·àç·çâ·äì ·ä•·ã©·âµ ·â†·å£·àù ·ã≠·åà·à≠·àõ·àç ·àå·â£ ·â•·ã´·â∏·ãã·àç·àÅ,1,2025-10-22,CBE,Google Play,neutral,0.0,Other
imp,5,2025-10-22,CBE,Google Play,neutral,0.0,Other
super fast app,5,2025-10-21,CBE,Google Play,positive,0.5994,Other
"The app has a nice design and useful features like balance check and transfers, but it‚Äôs unstable and often fails to connect. It also forces users to turn off Developer Options, which is unnecessary ‚Äî other banking apps work fine without that. Many people use Developer Mode for normal reasons. Please fix performance issues, remove this restriction, and add biometric login for better security and convenience",2,2025-10-19,CBE,Google Play,positive,0.6896,"Account Access Issues, Transaction Performance, User Interface & Experience, Feature Requests"
cbe,4,2025-10-18,CBE,Google Play,neutral,0.0,Other
"it says ""ti is work any more in your device"" what can i do??",1,2025-10-18,CBE,Google Play,neutral,0.0,Other
blah blah blah,5,2025-10-18,CBE,Google Play,negative,-0.296,Other
bad ·åç·ã¥·â≥ ·àò·àÜ·äï·àÅ,1,2025-10-17,CBE,Google Play,negative,-0.5423,Other
CBE no.1,5,2025-10-17,CBE,Google Play,neutral,0.0,Other
"it's not work correctly when it's needed sometimes, but it works sometimes though",2,2025-10-16,CBE,Google Play,neutral,0.0,Other
its easy to use and more secured than the previous one. i love it and appreciate commercial bank of ethiopia for every time update.,5,2025-10-16,CBE,Google Play,positive,0.9152,Feature Requests
gooof,5,2025-10-16,CBE,Google Play,neutral,0.0,Other
"Suddenly the cbe application I was using stopped working and called callcenter, I was told it's because it expired and I should vist any branch to fix it. So I went to CBE Silassie branch.After filling a form they gave me, I sat down and waited until they finish fixing 2 customer's case who arrived before me. But then when it was my turn ppl who came after me with same mobile banking and even Atm card cases were finishing up and leaving I had to get back to my work so I left.with no service.why?",1,2025-10-16,CBE,Google Play,negative,-0.564,Other
Best app,5,2025-10-16,CBE,Google Play,positive,0.6369,Other
still not perfect like before,1,2025-10-15,CBE,Google Play,negative,-0.6259,Other
This app dash board is disturbing me. it is not showing me traxation and my balance while displaying others option on dashboard. I think it is a risk full appüò≠üò≠üò≠ü§§ü§§,1,2025-10-15,CBE,Google Play,negative,-0.9287,Other
APPLIED,1,2025-10-14,CBE,Google Play,neutral,0.0,Other
10 years ago,4,2025-10-14,CBE,Google Play,neutral,0.0,Other
Asefa Obsa,5,2025-10-14,CBE,Google Play,neutral,0.0,Other
it's good app,5,2025-10-14,CBE,Google Play,positive,0.4404,Other
very slow,1,2025-10-14,CBE,Google Play,neutral,0.0,Transaction Performance
berhan deriba wami,4,2025-10-14,CBE,Google Play,neutral,0.0,Other
mahamad Usman,5,2025-10-13,CBE,Google Play,neutral,0.0,Other
Erako,5,2025-10-13,CBE,Google Play,neutral,0.0,Other
üî•üî•üî•üî•üî•,5,2025-10-13,CBE,Google Play,negative,-0.875,Other
opne,5,2025-10-13,CBE,Google Play,neutral,0.0,Other
mehommd nuri,5,2025-10-13,CBE,Google Play,neutral,0.0,Other
Best,5,2025-10-12,CBE,Google Play,positive,0.6369,Other
providing very secure service.,5,2025-10-12,CBE,Google Play,positive,0.4005,Customer Support
apk ·ä†·à™·çç ·äê·ãç ·åç·äï ·â†·å£·àù apkwun ·ã®·àö·ä®·çç·â± ·ã® ·â£·äï·ä≠ ·à∞·à´·â∞·äû·âΩ ·â†·å£·àù ·ã∞·ä´·àõ ·äì·â∏·ãç ·à≤·ã´·àµ·â∞·äì·åç·ã± ·àà ·ã∞·äï·â†·äõ ·ä≠·â•·à≠ ·ã®·àã·â∏·ãç·àù ·ä•·äî ·àò·àò·àã·àà·àµ ·ä®·åÄ·àò·à≠·ä© ·âÜ·ã®·ãç ·åç·äï ·àò·çç·âµ·àÖ ·àã·åà·äù ·ä†·àç·âΩ·àç·ä©·àù ::,1,2025-10-12,CBE,Google Play,neutral,0.0,Other
·ã≥·à≠ ·äë·àÆ ·àã·àà·ãç ·ä£·çç·à™·âª·äï ·ãç,5,2025-10-12,CBE,Google Play,neutral,0.0,Other
RIYAD Mohammed Abaoli 92 527 2567,5,2025-10-12,CBE,Google Play,neutral,0.0,Other
it doesn't show bank statement and no options to see transactions for the past months.,2,2025-10-12,CBE,Google Play,negative,-0.296,Other
Mamma Husen,2,2025-10-11,CBE,Google Play,neutral,0.0,Other
3 stars because I can't see all my transaction history apart from the recents and a refresh button has been removed from the Recents activity. The app should allow clients to view all of the transactions not just recents.,3,2025-10-11,CBE,Google Play,positive,0.2263,User Interface & Experience
exceptional application from others bank,5,2025-10-10,CBE,Google Play,neutral,0.0,Other
"it is very nice. but i have a serious suggestion when you send to other cbe birr customer, it does not show the name of the recipient befor it actually send the money. please improve this",4,2025-10-10,CBE,Google Play,positive,0.8124,Other
goodüëçüëçüëçüòäüòäüòä,5,2025-10-10,CBE,Google Play,positive,0.9633,Other
really good app,5,2025-10-10,CBE,Google Play,positive,0.4927,Other
smart bank CBE,5,2025-10-10,CBE,Google Play,positive,0.4019,Other
Ali urgesa11,3,2025-10-09,CBE,Google Play,neutral,0.0,Other
it's good,5,2025-10-09,CBE,Google Play,positive,0.4404,Other
Good apps,5,2025-10-09,CBE,Google Play,positive,0.4404,Other
password ·â†·å£·âµ ·ä†·àª·à´ ·â¢·äñ·à®·ãç ·àò·àç·ä´·àù ·äê·â†·à≠,4,2025-10-09,CBE,Google Play,neutral,0.0,Account Access Issues
best app i ever seen,5,2025-10-09,CBE,Google Play,positive,0.6369,Other
it's game changing in financial system,4,2025-10-09,CBE,Google Play,neutral,0.0,Other
"z,MKT 20_._!8+‚Öì‚Öïüòòr",1,2025-10-09,CBE,Google Play,neutral,0.0,Other
will good updating,5,2025-10-09,CBE,Google Play,positive,0.4404,Feature Requests
"service charge , vat, fee everything here is not yours they wanna take what you have, everything is not fair",1,2025-10-08,CBE,Google Play,negative,-0.2411,Customer Support
why removing screenshot feature why?,2,2025-10-08,CBE,Google Play,neutral,0.0,Feature Requests
very good application! thank you all who participate!,5,2025-10-08,CBE,Google Play,positive,0.7608,Other
application bank commercial Ethiopia I am very happy to be able to appear in a great job on a pleasant job,5,2025-10-08,CBE,Google Play,positive,0.908,Other
user compatible app!,5,2025-10-08,CBE,Google Play,neutral,0.0,Other
"I am trying to access this app on my Android phone, but sometimes doesn't work. so kindly try to improve it.",3,2025-10-07,CBE,Google Play,positive,0.8891,Other
what an amazing app. you know how much it simplify life. Thanks cbe. I proud of you.,5,2025-10-07,CBE,Google Play,positive,0.8689,Other
Our Commercial Bank of Ethiopia is Good !,5,2025-10-06,CBE,Google Play,positive,0.4926,Other
Asledin Ibsa,5,2025-10-06,CBE,Google Play,neutral,0.0,Other
terrible when showing history of transaction it shows in disorganised way,3,2025-10-05,CBE,Google Play,negative,-0.4767,Other
my bank,5,2025-10-05,CBE,Google Play,neutral,0.0,Other
not user friendly at all it requires a huge connectivity and also lags many times üòëüòëüòë,1,2025-11-26,BOA,Google Play,negative,-0.4268,User Interface & Experience
·àù·äï·àù ·ã®·àõ·ã≠ ·à∞·à´,1,2025-11-26,BOA,Google Play,neutral,0.0,Other
very good,5,2025-11-25,BOA,Google Play,positive,0.4927,Other
most of the time is not working properly,1,2025-11-25,BOA,Google Play,neutral,0.0,Other
good service,5,2025-11-25,BOA,Google Play,positive,0.4404,Customer Support
not use for me,3,2025-11-23,BOA,Google Play,neutral,0.0,Other
It keeps notifying me to disable developer options and quiet while I'm not enabled. always bring another type of problem with new updates.,1,2025-11-22,BOA,Google Play,negative,-0.4019,"User Interface & Experience, Feature Requests"
waw,5,2025-11-21,BOA,Google Play,neutral,0.0,Other
the lag is unbelievable when you need it the most this suks,1,2025-11-19,BOA,Google Play,negative,-0.1531,Other
I cant belive I could find the worst bank app ever .yet very simple to fix the problem and the company just ignored it. no body can do business with this kind of app.,1,2025-11-18,BOA,Google Play,negative,-0.8834,Other
it is a good app,5,2025-11-18,BOA,Google Play,positive,0.4404,Other
it is not working at all,1,2025-11-15,BOA,Google Play,neutral,0.0,Other
ü•∞ü•∞ü•∞ü•∞ü•∞ app is good but i was live in abroad and when i enter my otp code it didnt make me to write my code it the app want it self write thats not fair so please other wise i like it why,5,2025-11-15,BOA,Google Play,positive,0.9848,Other
when trying to activate the app it keeps on loading on the security questions page. It has been two days,1,2025-11-13,BOA,Google Play,positive,0.34,Other
fast and simple,5,2025-11-11,BOA,Google Play,neutral,0.0,Other
best of best,5,2025-11-10,BOA,Google Play,positive,0.8555,Other
Worest Banking App Ever I seen. Fake App Bad Better to Leave,1,2025-11-10,BOA,Google Play,negative,-0.5994,Other
good,4,2025-11-10,BOA,Google Play,positive,0.4404,Other
"I would like to share feedback regarding the application. It frequently experiences disruptions and does not function properly, often freezing or failing to load. This issue is affecting workflow and efficiency. Kindly review and address this problem to ensure smoother performance.",1,2025-11-08,BOA,Google Play,positive,0.4166,Other
Meet you genuine.App I tried is not functional.Helping.welldoingwith BOA Ethiopia .fastandrelevant.morconnecting Digitalyworld.Digitalyworld. thanks.,5,2025-11-08,BOA,Google Play,positive,0.4404,Other
best app,5,2025-11-08,BOA,Google Play,positive,0.6369,Other
Best app,5,2025-11-07,BOA,Google Play,positive,0.6369,Other
"Barely works, it always fails to connect",1,2025-11-07,BOA,Google Play,negative,-0.4215,Other
my fav app,5,2025-11-07,BOA,Google Play,positive,0.4588,Other
this app launch time is so long also has dozen bugs in addition it's has been long time get update,1,2025-11-05,BOA,Google Play,neutral,0.0,Feature Requests
very nice,5,2025-11-04,BOA,Google Play,positive,0.4754,Other
"Your application is very irritating to use, some functionality doesn't even work like on the card management. You need to do better than this and it good idea to reference other banking applications.",3,2025-11-04,BOA,Google Play,positive,0.102,Other
I like,5,2025-11-02,BOA,Google Play,positive,0.3612,Other
·ãà·ã≠ ·ä†·àª·àΩ·àâ·âµ·äì ·ä•·äï·å†·âÄ·àù·â†·âµ ·ã´·àà·ã´ ·â•·â≥·å†·çâ·âµ ·ã≠·àª·àã·àç·ç¢ ·â†·âÉ ·àù·äï·àù ·äê·åà·à≠ ·ä†·ã≠·à∞·à´·àù ·àò·â∞·åç·â†·à™·ã´ ·ä†·àà·äï ·â•·àã·âΩ·àÅ ·ä•·äï·ã≥·â≥·ãà·à© ·àà·àõ·äï·àù ·ã®·àõ·ã≠·àò·ä®·à≠ ·âÄ·à≠·çã·çã·äì ·â∞·åç·â£·à≠ ·ã®·àà·àΩ ·àò·â∞·åç·â†·à™·ã´,1,2025-11-01,BOA,Google Play,neutral,0.0,Other
i m sorry but it doesn't work for my android it is too slow but other bank are very fast please update,1,2025-10-30,BOA,Google Play,positive,0.4969,"Transaction Performance, Feature Requests"
"the worst app ever,",1,2025-10-30,BOA,Google Play,negative,-0.6249,Other
better,5,2025-10-29,BOA,Google Play,positive,0.4404,Other
"I kindly request that Bank of abyssinia address issues with its mobile app. It is very slow, has numerous problems, and frequently experiences downtime. The user experience is also poor. Thank you.",1,2025-10-28,BOA,Google Play,neutral,-0.0258,Transaction Performance
this app can't open? what is problem? please solve my problem?,1,2025-10-28,BOA,Google Play,negative,-0.4291,Other
kiyaa makonn,5,2025-10-27,BOA,Google Play,neutral,0.0,Other
very very lazy app,1,2025-10-26,BOA,Google Play,negative,-0.4716,Other
telebirr remittance,5,2025-10-24,BOA,Google Play,neutral,0.0,Other
The best bank in üá™üáπ,5,2025-10-23,BOA,Google Play,positive,0.6369,Other
its good,5,2025-10-22,BOA,Google Play,positive,0.4404,Other
the worst app in my financial experience.,1,2025-10-22,BOA,Google Play,negative,-0.6249,Other
good for mb appliciation,5,2025-10-21,BOA,Google Play,positive,0.4404,Other
the worst bank ever. slow don't accept dual sim. they are very stupid and greedy,1,2025-10-20,BOA,Google Play,negative,-0.9107,Transaction Performance
try to easy network,4,2025-10-17,BOA,Google Play,positive,0.4404,Other
hussen hassen umer,5,2025-10-16,BOA,Google Play,neutral,0.0,Other
"The app is not suitable and lacks a good UI design. As a large bank, you must update your app with a professional UI that is fast and appropriate.",2,2025-10-16,BOA,Google Play,positive,0.4404,"User Interface & Experience, Feature Requests"
an exceptional banking app.,5,2025-10-16,BOA,Google Play,neutral,0.0,Other
alhamdulilah,5,2025-10-11,BOA,Google Play,neutral,0.0,Other
poor,5,2025-10-11,BOA,Google Play,negative,-0.4767,Other
Best of best,5,2025-10-09,BOA,Google Play,positive,0.8555,Other
from the last week updates the app is not working Please check the problems,1,2025-10-08,BOA,Google Play,negative,-0.5664,Feature Requests
It's always crushing,1,2025-10-08,BOA,Google Play,negative,-0.3612,Other
office branches have to improve their services please,4,2025-10-07,BOA,Google Play,positive,0.6369,Customer Support
‚ô•Ô∏è‚ô•Ô∏è,5,2025-10-05,BOA,Google Play,positive,0.8555,Other
Why does it keep crashing? I can't even use this. BOA should do better. You have many customers and how to deal with this. I can't send money now.,1,2025-10-05,BOA,Google Play,positive,0.4404,Transaction Performance
it needs a timely update,5,2025-10-03,BOA,Google Play,neutral,0.0,Feature Requests
"It does not show the name of the person who sent the money to request a receipt. This has become very difficult for us. When different people transfer the same amount to me from different banks, it is very difficult to identify the account or the name of the sender.",3,2025-10-01,BOA,Google Play,negative,-0.6794,"Account Access Issues, Transaction Performance"
Like,5,2025-10-01,BOA,Google Play,positive,0.3612,Other
I can't type my otp on it.,1,2025-10-01,BOA,Google Play,neutral,0.0,Other
"most of bank apps in Ethiopia are linked with ethiopian phone number, I live in US permanently so when I open BoA account, I told them where I live and to link it with email address instead of phone # as ethio phone number is not working where I live, unfortunetly my fear appeared and now when I change my phone device, it send the code to the ethio number which is not with me now. so please when u develop bank apps consider the diaspora community to use ur apps",1,2025-10-01,BOA,Google Play,positive,0.1757,Account Access Issues
jaajja,4,2025-09-30,BOA,Google Play,neutral,0.0,Other
I love this bank the best experience ever.,5,2025-09-28,BOA,Google Play,positive,0.8555,Other
"Nothing has been improved, it doesn't work like the previous version.",1,2025-09-25,BOA,Google Play,negative,-0.5667,Other
easy and fast,5,2025-09-24,BOA,Google Play,positive,0.4404,Other
Great,5,2025-09-20,BOA,Google Play,positive,0.6249,Other
mobile banking,5,2025-09-19,BOA,Google Play,neutral,0.0,Other
üòé,5,2025-09-18,BOA,Google Play,positive,0.4588,Other
"need alot of connection, chooses device, very lug even when there is connection",1,2025-09-17,BOA,Google Play,neutral,0.0,Other
On my ios it's perfect but on android it barley works and don't transfer and after a while it crushed and totally stopped working. Please fix the issue my beloved bank of abyssinia.,1,2025-09-15,BOA,Google Play,positive,0.5656,Transaction Performance
since the last update i can open the app crashes a lot and omg its being very slow opening and loading,2,2025-09-15,BOA,Google Play,neutral,0.0,"Transaction Performance, Feature Requests"
none,5,2025-09-14,BOA,Google Play,neutral,0.0,Other
very good app i ever used,5,2025-09-12,BOA,Google Play,positive,0.4927,Other
its nice app especially the transaction limit is extended but We face that BoA m.banking app doesn't respond at the activation stage strictly at SMSNG mobile phone. please try this to make safe.,4,2025-09-11,BOA,Google Play,positive,0.8271,Other
zedo,5,2025-09-11,BOA,Google Play,neutral,0.0,Other
please open my mobile app,5,2025-09-10,BOA,Google Play,positive,0.3182,Other
it doesn't open,1,2025-09-10,BOA,Google Play,neutral,0.0,Other
Very Good,5,2025-09-09,BOA,Google Play,positive,0.4927,Other
masha alla,5,2025-09-08,BOA,Google Play,neutral,0.0,Other
Best banking transaction application in Ethiopia !,5,2025-09-05,BOA,Google Play,positive,0.6696,Other
ÿßŸÑÿ≥ŸÑÿßŸÖ ÿπŸÑŸäŸÉŸÖ Ÿàÿ±ÿ≠ŸÖÿ© ÿßŸÑŸÑŸá Ÿàÿ®ÿ±ŸÉÿßÿ™Ÿá ŸÖÿßÿ¥ÿßÿ° ÿßŸÑŸÑŸá ÿ™ÿ®ÿßÿ±ŸÉ ÿßŸÑÿ±ÿ≠ŸÖŸÜ Ÿáÿ∞ÿß ÿßŸÑÿ™ÿ∑ÿ®ŸäŸÇ ŸÖŸÖÿ™ÿßÿ≤ ÿ¨ÿØÿß,5,2025-09-04,BOA,Google Play,neutral,0.0,Other
tamaam kamal,1,2025-09-04,BOA,Google Play,neutral,0.0,Other
·â†·å£·àù ·àê·à™·çç,5,2025-09-03,BOA,Google Play,neutral,0.0,Other
great üëç,5,2025-09-02,BOA,Google Play,positive,0.6249,Other
goof,4,2025-09-01,BOA,Google Play,neutral,0.0,Other
absiniya banki,5,2025-08-29,BOA,Google Play,neutral,0.0,Other
has issue after installation and i think it doesn't work with tecno common 30,1,2025-08-26,BOA,Google Play,neutral,0.0,Other
One of the best in this business,5,2025-08-25,BOA,Google Play,positive,0.6369,Other
Excellent,5,2025-08-20,BOA,Google Play,positive,0.5719,Other
besatü•∞,5,2025-08-19,BOA,Google Play,positive,0.8074,Other
unlimited experience,5,2025-08-18,BOA,Google Play,neutral,0.0,Other
"as bank, u should at least hire someone good at their job bc this a joke nowadays I can't even log in or even transfer without it crashing if u fix the app I will update this review I am counting on u boa update: so they atleast fixed it but as suggestion can u put password when in final step of sending money it will feel more secure that way",4,2025-08-17,BOA,Google Play,positive,0.7261,"Account Access Issues, Transaction Performance, Feature Requests"
very nice mobile banking app my favourite,5,2025-08-16,BOA,Google Play,positive,0.4754,Other
"it almost never boots up!!! and even if it did, it crashes immediately",1,2025-08-15,BOA,Google Play,neutral,0.0,Transaction Performance
best apps,5,2025-08-15,BOA,Google Play,positive,0.6369,Other
the worst app ever to exist in a bank history,1,2025-08-15,BOA,Google Play,negative,-0.6249,Other
thank you,5,2025-08-14,BOA,Google Play,positive,0.3612,Other
Best mobile app in the country,5,2025-08-14,BOA,Google Play,positive,0.6369,Other
not fast,2,2025-08-12,BOA,Google Play,neutral,0.0,Other
keeps freezing at the front page.,1,2025-08-10,BOA,Google Play,negative,-0.1027,Other
it is not working on redminote 11 pro+ pls fix it,1,2025-08-08,BOA,Google Play,positive,0.0772,Other
abseniya bank app,5,2025-08-08,BOA,Google Play,neutral,0.0,Other
yes goode app,5,2025-08-03,BOA,Google Play,positive,0.4019,Other
Great App,5,2025-08-02,BOA,Google Play,positive,0.6249,Other
1) Crashes repeatedly 2) Takes Century to Boot 3) Repeatedly requires Update which is very annoying. 4) It doesn't ask for Password for one step confirmation when transferring money. 5) Automatically stops music when the app is launched (it doesn't really matter just fyi) Overall this have to be the worst mobile banking app I have tried so far and should not be released with all these bugs & issues.,1,2025-08-02,BOA,Google Play,negative,-0.7521,"Account Access Issues, Transaction Performance, User Interface & Experience, Feature Requests"
·à®·åÄ·â•·äê·à±,1,2025-07-31,BOA,Google Play,neutral,0.0,Other
The Worst Mobile Banking App.,1,2025-07-31,BOA,Google Play,negative,-0.6249,Other
giod,5,2025-07-30,BOA,Google Play,neutral,0.0,Other
best bank in ethiopia,5,2025-07-29,BOA,Google Play,positive,0.6369,Other
waqayyoo,5,2025-07-28,BOA,Google Play,neutral,0.0,Other
please is not working,2,2025-07-27,BOA,Google Play,positive,0.3182,Other
nothing when I need to install the Apk it say that re-up date,5,2025-07-25,BOA,Google Play,neutral,0.0,Other
I can log in from any where,5,2025-07-23,BOA,Google Play,neutral,0.0,Other
üòá,3,2025-07-21,BOA,Google Play,positive,0.4588,Other
no proplem,5,2025-07-20,BOA,Google Play,negative,-0.296,Other
üëçüëçüëç,5,2025-07-20,BOA,Google Play,neutral,0.0,Other
excellent app,5,2025-07-18,BOA,Google Play,positive,0.5719,Other
good work,5,2025-07-15,BOA,Google Play,positive,0.4404,Other
‚òπÔ∏è,5,2025-07-15,BOA,Google Play,negative,-0.34,Other
excellent,5,2025-07-14,BOA,Google Play,positive,0.5719,Other
Great BoA,5,2025-07-14,BOA,Google Play,positive,0.6249,Other
Good,5,2025-07-14,BOA,Google Play,positive,0.4404,Other
Okay,4,2025-07-13,BOA,Google Play,positive,0.2263,Other
not working,1,2025-07-12,BOA,Google Play,neutral,0.0,Other
This App is Getting worse and worse with every update,2,2025-07-11,BOA,Google Play,negative,-0.7351,Feature Requests
·àù·à≠·å• ·äê·ãç,1,2025-07-10,BOA,Google Play,neutral,0.0,Other
nice,5,2025-07-10,BOA,Google Play,positive,0.4215,Other
meku,5,2025-07-07,BOA,Google Play,neutral,0.0,Other
awasome app go a head,5,2025-07-04,BOA,Google Play,neutral,0.0,Other
it sucks as hell. it crashes most of the time and takes a long time to load .,1,2025-07-03,BOA,Google Play,negative,-0.7964,Transaction Performance
"The App is nice and easy to use but after some time it crushed and said ""Error check your device connectivity"" please fix it",3,2025-07-02,BOA,Google Play,negative,-0.3506,Other
Easy and very nice app to load more than the previouse but in recent time some loading problem detected.,5,2025-07-01,BOA,Google Play,negative,-0.1415,Transaction Performance
wow,5,2025-07-01,BOA,Google Play,positive,0.5859,Other
"The worst MBA I have experienced, The app crush frequently and they take to long to fix the problem even more than a week.",1,2025-06-27,BOA,Google Play,negative,-0.8126,Other
amazing Banks Appüëåüëå,3,2025-06-25,BOA,Google Play,positive,0.9439,Other
good App fore me,5,2025-06-25,BOA,Google Play,positive,0.4404,Other
"very uninterested it's not working when the ""developer mode on"" i haven't off the developer options i preferred to uninstall your app .....",1,2025-06-24,BOA,Google Play,neutral,0.0,Other
fantastic,5,2025-06-22,BOA,Google Play,positive,0.5574,Other
üëç,4,2025-06-21,BOA,Google Play,neutral,0.0,Other
it's nice to use.,5,2025-06-21,BOA,Google Play,positive,0.4215,Other
app doesn't start,1,2025-06-21,BOA,Google Play,neutral,0.0,Other
Excellent application,5,2025-06-18,BOA,Google Play,positive,0.5719,Other
its very bad app its very slow,1,2025-06-17,BOA,Google Play,negative,-0.5849,Transaction Performance
·â•·ãô·ã¨ ·à∫·ãã·ã® ·â†·àà·å†,1,2025-06-15,BOA,Google Play,neutral,0.0,Other
Good job!,5,2025-06-13,BOA,Google Play,positive,0.4926,Other
best financial app.,5,2025-06-12,BOA,Google Play,positive,0.6369,Other
·âÜ·äï·åÜ ·äê·ãç ·â†·à≠·â±,5,2025-06-11,BOA,Google Play,neutral,0.0,Other
the worst app humans ever created,1,2025-06-09,BOA,Google Play,negative,-0.4767,Other
it's not working,3,2025-06-05,BOA,Google Play,neutral,0.0,Other
"Hello, I‚Äôm facing a problem with the BOA Mobile app. Every time I enter my phone number and password, the app crashes and shows an error that says ‚ÄúBoaMobile closed because this app has a bug.‚Äù I tried updating, reinstalling, and clearing cache, but nothing worked. Please fix this bug in the next update. I really need access to my account. Thank you.",1,2025-06-03,BOA,Google Play,negative,-0.1884,"Account Access Issues, Transaction Performance, Feature Requests"
exceptional,5,2025-06-03,BOA,Google Play,neutral,0.0,Other
BoA Mobile good bank,5,2025-06-02,BOA,Google Play,positive,0.4404,Other
this is worest app 24/7 loading,1,2025-06-01,BOA,Google Play,neutral,0.0,Transaction Performance
BoA system is confartable,5,2025-06-01,BOA,Google Play,neutral,0.0,Other
"this app, for me , is a waste of time. It doesn't work . I can't even long in, and it really piss me off. FIX THE PROBLEM",1,2025-05-27,BOA,Google Play,negative,-0.8491,Other
Good service.,3,2025-05-25,BOA,Google Play,positive,0.4404,Customer Support
the app crush frequently,1,2025-05-24,BOA,Google Play,negative,-0.1531,Other
You guys keeps getting worst,1,2025-05-22,BOA,Google Play,negative,-0.6249,Other
"This app is a joke. It crashes more than it works, takes forever to load, and half the features are just decorative at this point. Can‚Äôt log in, can‚Äôt transfer money, can‚Äôt even check my balance without it bugging out. To the developer: Are you actually trying to make this work, or is this some kind of social experiment to test our patience? Did you build this in your sleep? Because it definitely looks like it. If this is your idea of a functional app, maybe consider a different career pathüôè",1,2025-05-21,BOA,Google Play,positive,0.7757,"Transaction Performance, User Interface & Experience, Feature Requests"
BoA,2,2025-05-20,BOA,Google Play,neutral,0.0,Other
but not opening on android,4,2025-05-19,BOA,Google Play,neutral,0.0,Other
Worst App ever. Totally unreliable. And it didn't work at all for the last 4 months.,1,2025-05-18,BOA,Google Play,negative,-0.6249,Other
amazing,5,2025-05-18,BOA,Google Play,positive,0.5859,Other
"this app does no work on Samsung a51, it just gives a preview of the logo",1,2025-05-11,BOA,Google Play,negative,-0.296,Other
"i entered incorrect security question by mistake boa app lock pin forever, why is there no other options? ?? i contacted different branchs more then 4times but they didn't able to solve this issue .",5,2025-05-10,BOA,Google Play,negative,-0.4639,Other
liking this application good üëç,5,2025-05-07,BOA,Google Play,positive,0.6808,Other
"This app future is good, but there is problems with apps to reset and activate it, which is difficult even to the branch staffs, and it takes too long times to active at the branch plus most of the time high expected failure of activation after process at the counter and OTP sent not work",1,2025-05-06,BOA,Google Play,negative,-0.775,Other
it's really good üëç,5,2025-04-23,BOA,Google Play,positive,0.4927,Other
Bad app . it stuck when you open and noting WORKS.,1,2025-04-23,BOA,Google Play,negative,-0.6705,Other
"the app isn't working after it asked me the password it starts loading, but it doesn't open",3,2025-04-20,BOA,Google Play,neutral,0.0,Account Access Issues
Best,2,2025-04-19,BOA,Google Play,positive,0.6369,Other
It keeps showing this pop up to turn off developer options even tho it's off! I had to turn on and then off to make it work! This is a horrible experience and needs a fix asap! Plus kinda slow.,1,2025-04-19,BOA,Google Play,negative,-0.6571,Transaction Performance
yideg,1,2025-04-18,BOA,Google Play,neutral,0.0,Other
great boa,5,2025-04-10,BOA,Google Play,positive,0.6249,Other
boa of mobile backing,5,2025-04-09,BOA,Google Play,neutral,0.0258,Other
faster bank of Abissinya,5,2025-04-08,BOA,Google Play,neutral,0.0,Other
i would have given it a lower if it was possible because it crush so much and it take the bank so long to fix the bug,1,2025-04-08,BOA,Google Play,negative,-0.4215,Other
it just doesn't work...so frustrating,1,2025-04-07,BOA,Google Play,positive,0.3412,Other
like,5,2025-04-06,BOA,Google Play,positive,0.3612,Other
it's not work correctly... you must have update it,1,2025-04-06,BOA,Google Play,neutral,0.0,Feature Requests
"its fast and easy to communicate to the app and its available all area keep it up.i will make Happy for this application thank you dashen bank for your effort,commitment and dedication. i appricated your work.",5,2025-11-26,Dashen,Google Play,positive,0.8442,Other
What do you care about my phone's settings? Who are you to tell me what to turn off and on? It is my phone after all. This *develoler option* thing will cost you a lot of users who are willing to leave the bank once and for all. Turn this thing off. 6 you fear this is a security issue fix your side not mine.,1,2025-11-25,Dashen,Google Play,positive,0.3736,Other
Exceptional Product.,5,2025-11-23,Dashen,Google Play,neutral,0.0,Other
very easy app,3,2025-11-23,Dashen,Google Play,positive,0.4927,Other
"The Dashen Super App is very impressive. It is fast, easy to use, and provides smooth access to all essential banking services. Money transfer, bill payment, balance check, and other features work efficiently without issues. The design is clean and user-friendly. Great step forward in digital banking ‚Äî keep up the good work, Dashen Bank!..",5,2025-11-19,Dashen,Google Play,positive,0.9722,"Transaction Performance, User Interface & Experience, Customer Support, Feature Requests"
·â†·å£·àù ·çà·å£·äï ·à•·âπ ·ä†·àµ·â∞·àõ·àõ·äù ·ãà·ãµ·åÉ·ãã·àà·ãç,5,2025-11-18,Dashen,Google Play,neutral,0.0,Other
bill payment options are limited in this app please add ethio telecom bill electric bill etc.. instead of adding nonsense in banking app,1,2025-11-18,Dashen,Google Play,negative,-0.3182,Transaction Performance
"it's a really slow app, I'm not sure what the issue is. Even other bank transfers are not working",2,2025-11-18,Dashen,Google Play,negative,-0.2411,Transaction Performance
always updating bad stability,1,2025-11-17,Dashen,Google Play,negative,-0.5423,Feature Requests
"it say's disable developer option, i disabled it but its not working still",1,2025-11-17,Dashen,Google Play,neutral,0.0,Other
with the super app evry thing i need is just a tap away,5,2025-11-17,Dashen,Google Play,positive,0.5994,Other
nice,5,2025-11-16,Dashen,Google Play,positive,0.4215,Other
eyita tips,1,2025-11-15,Dashen,Google Play,neutral,0.0,Other
clear and presize,5,2025-11-15,Dashen,Google Play,positive,0.3818,Other
smooth and easy!!!,5,2025-11-14,Dashen,Google Play,positive,0.5826,Other
I have had an amazing experience with this app;ot os convenient and easy to use,5,2025-11-14,Dashen,Google Play,positive,0.7717,Other
"All in One Super App with smooth navigation, transaction and lifestyle services",5,2025-11-14,Dashen,Google Play,positive,0.5994,"User Interface & Experience, Customer Support"
Very nice App.,5,2025-11-14,Dashen,Google Play,positive,0.4754,Other
system failure transfer to others account,2,2025-11-13,Dashen,Google Play,negative,-0.5106,"Account Access Issues, Transaction Performance"
thank you,1,2025-11-13,Dashen,Google Play,positive,0.3612,Other
"Only the UI/UX is good, but it doesn't function properly. It's a shame that a leading tech bank has such an app. Amole is far better.",1,2025-11-13,Dashen,Google Play,positive,0.1655,User Interface & Experience
"excellent app. to use perfectlly to pay,transfer,tele airtime and so on.",5,2025-11-12,Dashen,Google Play,positive,0.5719,Transaction Performance
wow dashen bank super app,5,2025-11-12,Dashen,Google Play,positive,0.8271,Other
"This so-called ‚ÄúSuper App‚Äù is a complete disappointment. It‚Äôs confusing, slow, and full of glitches honestly, it feels like it was designed to test people‚Äôs patience, not to help them bank. Calling it ‚Äúsuper‚Äù is a joke; it‚Äôs one of the most useless apps I‚Äôve ever used.",1,2025-11-11,Dashen,Google Play,negative,-0.4312,"Transaction Performance, User Interface & Experience, Customer Support"
Best Mobile Banking App in Ethiopia .,5,2025-11-11,Dashen,Google Play,positive,0.6369,Other
very nice app I have ever seen,5,2025-11-10,Dashen,Google Play,positive,0.4754,Other
NASTY BANK . EVEN THE SUPPER APP IS NOT WORKING WELL. WHEN I AM CALLING THEM THEY ARE NOT RESPONSE . PLEASE DON'T USE THIS APP BECAUSE YOU WILL LOSS YOU TIME ;ENERGY AND EVERYTHING . HOPELESS Bank .,1,2025-11-10,Dashen,Google Play,negative,-0.9205,Customer Support
it's good but is not fast,5,2025-11-09,Dashen,Google Play,positive,0.2382,Other
your financial system must improved,4,2025-11-09,Dashen,Google Play,positive,0.4767,Other
your service is too good,5,2025-11-09,Dashen,Google Play,positive,0.4404,Customer Support
good experience,5,2025-11-09,Dashen,Google Play,positive,0.4404,Other
ok,5,2025-11-08,Dashen,Google Play,positive,0.296,Other
"Amazing app, üëè",5,2025-11-07,Dashen,Google Play,positive,0.5859,Other
wooow,5,2025-11-07,Dashen,Google Play,neutral,0.0,Other
Nice app,5,2025-11-07,Dashen,Google Play,positive,0.4215,Other
best,5,2025-11-07,Dashen,Google Play,positive,0.6369,Other
"easy to use, friendly",5,2025-11-06,Dashen,Google Play,positive,0.7269,Other
"12yr more LC, UCP & ICC & loan",5,2025-11-06,Dashen,Google Play,neutral,0.0,Other
"not attractive and friendly app. Check Awash, CBE apps",1,2025-11-06,Dashen,Google Play,negative,-0.6167,Other
amzing,5,2025-11-06,Dashen,Google Play,neutral,0.0,Other
"The Dashen Super App is very impressive. It is fast, easy to use, and provides smooth access to all essential banking services. Money transfer, bill payment, balance check, and other features work efficiently without issues. The design is clean and user-friendly. Great step forward in digital banking ‚Äî keep up the good work, Dashen Bank!",5,2025-11-05,Dashen,Google Play,positive,0.9722,"Transaction Performance, User Interface & Experience, Customer Support, Feature Requests"
betam kerfafa naw,1,2025-11-05,Dashen,Google Play,neutral,0.0,Other
exceptional,5,2025-11-05,Dashen,Google Play,neutral,0.0,Other
worst app ever,1,2025-11-05,Dashen,Google Play,negative,-0.6249,Other
"Dashen, always two step ahead.",5,2025-11-05,Dashen,Google Play,neutral,0.0,Other
"Please try to fix the barrier between other banks specially with ""Commercial bank of Ethiopia""",3,2025-11-05,Dashen,Google Play,positive,0.2023,Other
üëç,5,2025-11-05,Dashen,Google Play,neutral,0.0,Other
i am using,5,2025-11-05,Dashen,Google Play,neutral,0.0,Other
It is a wonderful App developed by a local talent. It deserves an appreciation. It will continue to evolve with new exciting features.,5,2025-11-05,Dashen,Google Play,positive,0.9186,Feature Requests
wonderful app,5,2025-11-05,Dashen,Google Play,positive,0.5719,Other
"i love the app it features are perfect, but it asks to update too many times to activate your need to visit a nearest branch and that takes time. other than that the app is great I like it",5,2025-11-05,Dashen,Google Play,positive,0.9306,Feature Requests
go ahead,5,2025-11-05,Dashen,Google Play,neutral,0.0,Other
its supper,5,2025-11-04,Dashen,Google Play,neutral,0.0,Other
Good,5,2025-11-04,Dashen,Google Play,positive,0.4404,Other
it's so boring,1,2025-11-04,Dashen,Google Play,negative,-0.3804,Other
Dashen Bank Super App is the latest version of online banking system that is the gift from Dashen bank for us Thanks to Dashen,5,2025-11-04,Dashen,Google Play,positive,0.8658,Other
"i rarely leave reviews, but this app truely deserves one.it's efficient ,secure , reliable and makes fanancial tasks effortless.definitely 5 stars for this exceptional app",5,2025-11-04,Dashen,Google Play,positive,0.7829,Other
it has improved very much lately its working more and getting better but yet it is not fully fixed some time at night it doesn't work..i think the problem is it was launched too early.,3,2025-11-04,Dashen,Google Play,positive,0.0854,Other
Amazing,5,2025-11-03,Dashen,Google Play,positive,0.5859,Other
wow dashen bank,5,2025-11-03,Dashen,Google Play,positive,0.5859,Other
·â•·ãô ·äê·åâ·à≠ ·ã≠·âÄ·à®·ãã·àç ·ãà·ã∞ ·ä†·çë ·àµ·åà·â£ ·â†·å£·àù ·ã≠·ãò·åà·ã´·àç ·â£·å≠·à© ·âÄ·à≠·çã·çã ·äê·ãç,4,2025-11-02,Dashen,Google Play,neutral,0.0,Other
"I just updated my app to the latest version and I couldn't even see my balance, send money or do anything. It says service is unavailable and it will be fixed soon.",5,2025-11-01,Dashen,Google Play,neutral,0.0,"Customer Support, Feature Requests"
it's too slow,1,2025-11-01,Dashen,Google Play,neutral,0.0,Transaction Performance
"Before the recent update, this app was great. Now, the home page is cluttered with promotions and banners, which really hurts the experience. I think the app stopped being banking app and started only to promote b/c 95% of the app is only ads, also full of bugs",1,2025-11-01,Dashen,Google Play,positive,0.3415,Feature Requests
"This might be the worst banking app I've ever used I dont know why kind of bug it is but suddenly the apps stops working it says ""Temporarily unavailable"" for a simple feature like viewing account balance and in person visit was no help it took them longer than 2 hours to fix it and even after that 2 weeks later the same problem just because of this I'm going to stop using the bank altogether which is a shame because it's a decent bank",1,2025-11-01,Dashen,Google Play,negative,-0.9272,"Account Access Issues, Customer Support, Feature Requests"
The worst app ever. Extremely unreliable. Such a shame for a big bank.,1,2025-10-31,Dashen,Google Play,negative,-0.802,Other
app is too slow not opening fast,1,2025-10-31,Dashen,Google Play,neutral,0.0,Transaction Performance
good,5,2025-10-30,Dashen,Google Play,positive,0.4404,Other
"it's seems to have some improvements, I don't know what's going on with this app sometimes get collapseed. This is not expected from Dashen bank, which is amongst from famous and greatest banks.",1,2025-10-30,Dashen,Google Play,positive,0.7579,Other
very nise good,5,2025-10-30,Dashen,Google Play,positive,0.4902,Other
very interesting,5,2025-10-30,Dashen,Google Play,positive,0.4576,Other
what your emplyees tell as about the app when they came to our store and what actually the app is different,1,2025-10-30,Dashen,Google Play,neutral,0.0,Other
Excellent promotion,5,2025-10-30,Dashen,Google Play,positive,0.5719,Other
viry good,5,2025-10-29,Dashen,Google Play,positive,0.4404,Other
"Dashen Bank Super App is incredibly convenient! Easy to use, fast, and reliable ‚Äì a great app to manage everything in one place.",5,2025-10-29,Dashen,Google Play,positive,0.9094,Other
it is the worst app ever istg ü§Æü§Æü§Æ,1,2025-10-29,Dashen,Google Play,negative,-0.6249,Other
"Dashen Super App is a game-changer with its sleek, user-friendly interface. Lightning-fast responses and seamless navigation make every task a breeze. Love the organized layout and clear features that save time daily. Fantastic work‚Äîhighly recommended for effortless banking!",5,2025-10-28,Dashen,Google Play,positive,0.9617,"User Interface & Experience, Customer Support, Feature Requests"
"The design is clean and modern, and everything works smoothly without bugs. I love how reliable the app is it makes banking so convenient.",5,2025-10-28,Dashen,Google Play,negative,-0.17,User Interface & Experience
"A true banking super app! The Dashen Super App combines great design, security, and an impressive range of features. Highly recommended for anyone looking for a complete digital banking experience.",5,2025-10-28,Dashen,Google Play,positive,0.9712,"User Interface & Experience, Feature Requests"
"‚ÄãI appreciate that this app allowed me to access multiple services in one centralized place. Thank you, Dashen Bank!",5,2025-10-28,Dashen,Google Play,positive,0.6696,Customer Support
"This app makes my day-to-day payments so easy. Everything works perfectly, and it saves me a lot of time.",5,2025-10-28,Dashen,Google Play,positive,0.8377,Transaction Performance
It‚Äôs impressive how consistently the app is improving. I‚Äôve been using it for months and they have improved a lot in terms of not only beauty but also performance wise.,5,2025-10-28,Dashen,Google Play,positive,0.8028,Other
This app has replaced several others for me. It has everything I need in one place.,5,2025-10-28,Dashen,Google Play,neutral,0.0,Other
"The app has evolved impressively over time. The latest release adds dark and light modes that enhance usability and design. It‚Äôs intuitive, modern, and clearly built with the user in mind ‚Äî setting a new benchmark for digital banking.",5,2025-10-28,Dashen,Google Play,positive,0.6908,User Interface & Experience
"Dashen superapp just keeps improving. The new theme options are beautiful, and the overall experience is faster and smoother than ever",5,2025-10-28,Dashen,Google Play,positive,0.7717,Other
I have been using this app for months and its easy to use and is user friendly thanks Dashen bank.,5,2025-10-28,Dashen,Google Play,positive,0.8402,Other
"Finally, banking made simple! Everything I need is in one super app. A true game changer for managing my finances on the go.",5,2025-10-28,Dashen,Google Play,positive,0.7901,Other
"I‚Äôve been using the the App, and it‚Äôs been working really well for my daily transactions. Good work üëå",5,2025-10-28,Dashen,Google Play,positive,0.8867,Other
"I appreciate how secure this app feels. Every transaction comes with confirmation, and I always get alerts immediately.",5,2025-10-28,Dashen,Google Play,positive,0.6249,Other
I love the new dark theme it gives the app modern feel n make it more comfortable to use,5,2025-10-28,Dashen,Google Play,positive,0.8313,Other
"This is amazing app, as it name ,truly supper.",5,2025-10-28,Dashen,Google Play,positive,0.7717,Other
This is one of the most user friendly and impressive apps I have encountered in the banking sector,5,2025-10-28,Dashen,Google Play,positive,0.7769,Other
"Amazing UI and UX, the dark mode looks absolutely awesome!",5,2025-10-28,Dashen,Google Play,positive,0.8585,User Interface & Experience
The updated design looks amazing. I really appreciate being able to switch between dark and light mode it‚Äôs a small change that makes a big difference!,5,2025-10-28,Dashen,Google Play,positive,0.7955,"User Interface & Experience, Feature Requests"
Astonishing interface with ease of access and complete performance,5,2025-10-28,Dashen,Google Play,positive,0.3612,Other
"I rarely leave reviews, but this app truly deserves one. It‚Äôs efficient, secure, and makes financial tasks effortless. Definitely a 5-star experience",5,2025-10-28,Dashen,Google Play,positive,0.9357,Other
stunning UI with reliable service!,5,2025-10-28,Dashen,Google Play,positive,0.4389,"User Interface & Experience, Customer Support"
"Super Up is the ultimate digital banking app, living up to its name with speed, efficiency, and innovation. Designed for a seamless experience, it offers lightning-fast transactions, top-tier security, and effortless financial management. With Super Up, banking has never been this smooth, smart, and super!",5,2025-10-27,Dashen,Google Play,positive,0.969,User Interface & Experience
"The UI is impressive, but adding an ATM withdrawal feature for cardless cash access would enhance functionality. This may require updates to the ATM system as well. Please consider this, dev team.",4,2025-10-22,Dashen,Google Play,positive,0.7845,"User Interface & Experience, Feature Requests"
convinent,5,2025-10-22,Dashen,Google Play,neutral,0.0,Other
it is Excellent April jest continue more abeaten.....,4,2025-10-19,Dashen,Google Play,positive,0.5719,Other
I like it,5,2025-10-18,Dashen,Google Play,positive,0.3612,Other
abdrug bentahuuuu,3,2025-10-17,Dashen,Google Play,neutral,0.0,Other
"Dashen SuperApp is the worst app for me because it consistently fails during transfers. When I try to send money, the transaction freezes for extended periods‚Äîsometimes a full day, and often two or three days or more. Crucially, the funds are neither delivered to the recipient nor immediately refunded to my account, which is incredibly frustrating and makes me feel like I've lost my money. The app urgently needs a technical update to ensure transactions process smoothly and reliably.",1,2025-10-14,Dashen,Google Play,negative,-0.8122,"Account Access Issues, Transaction Performance, Feature Requests"
Best application,5,2025-10-14,Dashen,Google Play,positive,0.6369,Other
easy,5,2025-10-14,Dashen,Google Play,positive,0.4404,Other
lmo,5,2025-10-13,Dashen,Google Play,neutral,0.0,Other
meseret birara,5,2025-10-12,Dashen,Google Play,neutral,0.0,Other
it doesn't let me open my account,1,2025-10-12,Dashen,Google Play,neutral,0.0,Account Access Issues
very good,1,2025-10-11,Dashen,Google Play,positive,0.4927,Other
it is the best,5,2025-10-11,Dashen,Google Play,positive,0.6369,Other
nice and best,5,2025-10-10,Dashen,Google Play,positive,0.7906,Other
Finish the app development fully before you give the final result. It's is very inconvenient and not that reliable at the moment.,1,2025-10-08,Dashen,Google Play,negative,-0.4005,Other
hayelu Beranu Bashre,5,2025-10-07,Dashen,Google Play,neutral,0.0,Other
üëéüëéüëéüëéüëéüëéüëéüëé connection not fast,5,2025-10-07,Dashen,Google Play,neutral,0.0,Other
"@Shewangizaw L. As a heavy user of the app , the issue you raised around resetting pass pin concerned me and gave it a try and found it to be safe. Basically the app will do two things: verifies one using an otp and then requires an in-person visit to bank's physical branch for final verification after resetting the password. Therefore, safe to use! I wish ""i""nformational tip was added around the reset button. Could not attach screenshot.",4,2025-10-06,Dashen,Google Play,positive,0.8313,"Account Access Issues, User Interface & Experience"
perfect,5,2025-10-06,Dashen,Google Play,positive,0.5719,Other
for dashen bankk it is best app so why your bank onlyu one one app for mobile banking that means superr app,5,2025-10-05,Dashen,Google Play,positive,0.6369,Other
wow,5,2025-10-04,Dashen,Google Play,positive,0.5859,Other
tadesa melka tulluu,1,2025-10-04,Dashen,Google Play,neutral,0.0,Other
I can't open virtual account.I have been trying it for about 3 days still no resolve.,2,2025-10-04,Dashen,Google Play,negative,-0.2924,Other
App is passive when compare to Amole it takes 3-5 seconds to open and i cannot refresh transactions what i did.,1,2025-10-03,Dashen,Google Play,positive,0.2023,Other
withdraw,1,2025-10-02,Dashen,Google Play,neutral,0.0,Other
It takes gazillion years to open üò∂,3,2025-10-02,Dashen,Google Play,neutral,0.0,Other
this app is outstanding,5,2025-10-01,Dashen,Google Play,positive,0.6124,Other
totally bad,1,2025-10-01,Dashen,Google Play,negative,-0.5849,Other
I really appreciate but we can't use it if don't have balance or data access,2,2025-10-01,Dashen,Google Play,positive,0.2492,Other
nice app,5,2025-09-30,Dashen,Google Play,positive,0.4215,Other
·àô·äê·åÉ·âµ ·ä†·â•·ãµ·àã ·à∏·à®·çç,2,2025-09-30,Dashen,Google Play,neutral,0.0,Other
it fast service,5,2025-09-29,Dashen,Google Play,neutral,0.0,Customer Support
"Good improvements after the Sep 25, 2025 update.",4,2025-09-29,Dashen,Google Play,positive,0.6369,Feature Requests
I have one issue though what if the mobile phone with the sim is stolen and have no pattern or pin. The app allows to reset the pin directly without 2FA like finger print just by sending sms. which is a big gap. It should be addressed I didn't expect but it does and no trust at all.,1,2025-09-28,Dashen,Google Play,negative,-0.7788,Other
I love it üëç,5,2025-09-28,Dashen,Google Play,positive,0.6369,Other
Best,5,2025-09-28,Dashen,Google Play,positive,0.6369,Other
gooe,5,2025-09-28,Dashen,Google Play,neutral,0.0,Other
Dashen super app is the best all ethiopian banks keep it,5,2025-09-27,Dashen,Google Play,positive,0.8442,Other
cool app,5,2025-09-27,Dashen,Google Play,positive,0.3182,Other
App That makes cashless society in our century and Easy to use.,5,2025-09-27,Dashen,Google Play,positive,0.4404,Other
tadass,1,2025-09-27,Dashen,Google Play,neutral,0.0,Other
·àô·àÉ·åÇ·à´,1,2025-09-27,Dashen,Google Play,neutral,0.0,Other
It is an amazing app and all in one,5,2025-09-27,Dashen,Google Play,positive,0.5859,Other
i dont like it,1,2025-09-27,Dashen,Google Play,negative,-0.2755,Other
Dashen is the Future,5,2025-09-27,Dashen,Google Play,neutral,0.0,Other
the best version in üá™üáπ,5,2025-09-27,Dashen,Google Play,positive,0.6369,Other
excellent,5,2025-09-26,Dashen,Google Play,positive,0.5719,Other
"its amazing app, visually stunning",5,2025-09-26,Dashen,Google Play,positive,0.7506,Other
"Updates every time ü•≤, when it's updated, it doesn't work at all. üò≠",1,2025-09-26,Dashen,Google Play,negative,-0.4767,Feature Requests
the best app from other dashen is unique its fast app ever i had in my life,5,2025-09-26,Dashen,Google Play,positive,0.6369,Other
I love the new user interface,5,2025-09-26,Dashen,Google Play,positive,0.6369,Other
"Appreciated, Always one step ahead!",5,2025-09-26,Dashen,Google Play,positive,0.5562,Other
üëåüëå,5,2025-09-26,Dashen,Google Play,positive,0.9055,Other
The app stops working whenever there is an update unless you update the app. But it is better if it kept working on and updating should be optional.,3,2025-09-26,Dashen,Google Play,positive,0.5499,Feature Requests
"This is the first time i have experienced this much cool app out of all the other mobile banking platforms, im genuinely happy to see this kind of app here, tnx",5,2025-09-26,Dashen,Google Play,positive,0.7964,User Interface & Experience
it can't do without data or wifi,1,2025-09-26,Dashen,Google Play,neutral,0.0,Other
"The best UI banking app from all those I used, other Ethiopian banks I used have a really old UI. This is very neat and easy to use. Also so reliable.",5,2025-09-26,Dashen,Google Play,positive,0.8923,User Interface & Experience
So nice !,5,2025-09-26,Dashen,Google Play,positive,0.5244,Other
What's the problem with this app's that asking for updates on a daily basis?,1,2025-09-25,Dashen,Google Play,negative,-0.4019,Feature Requests
"Wow, I really loved the new UI/UX! Great job, Dashen Bank! You guys are the best mobile banking in Ethiopia.",5,2025-09-25,Dashen,Google Play,positive,0.9576,User Interface & Experience
excellent UI improvement üíØüíØ,5,2025-09-24,Dashen,Google Play,positive,0.7717,User Interface & Experience
one of the best app in Ethiopia .,5,2025-09-24,Dashen,Google Play,positive,0.6369,Other
great app,5,2025-09-23,Dashen,Google Play,positive,0.6249,Other
it is good but some times says duplicate transaction why? and text,5,2025-09-23,Dashen,Google Play,positive,0.2382,Other
The worst app. It needs updating everyday. Ouch ü§ï,1,2025-09-19,Dashen,Google Play,negative,-0.6249,Feature Requests
safe and secure,3,2025-09-18,Dashen,Google Play,positive,0.6486,Other
·â†·å£·àù ·àù·âπ ·äê·ãç,4,2025-09-15,Dashen,Google Play,neutral,0.0,Other
"is not working right now with snmsung galaxy f15, please help me",1,2025-09-14,Dashen,Google Play,positive,0.6124,Customer Support
Your staffs are really hardworking but the app is not like your employees,3,2025-09-12,Dashen,Google Play,negative,-0.395,Other
·ã≥·à∫·â£·ä≠,5,2025-09-11,Dashen,Google Play,neutral,0.0,Other
total,5,2025-09-11,Dashen,Google Play,neutral,0.0,Other
dashen super app is the best,5,2025-09-10,Dashen,Google Play,positive,0.8442,Other
zero sezzs55s·ã®·ã®·ãà·ã∞·à†·à´·ãä·â± ·ã∞·ã®·ä•·ã´·âª·âª·àâ ·àê·ã®·ã®·àò·äï·ã∞ ·ã∞·àù ·ã®·à∞·ãç ·ã®·ã®·àò·äï ·ã®·à∞·ãç ·ç¢·ã∞·àù ·àê·àõ·àö·åÄ·ã®·ã®,5,2025-09-09,Dashen,Google Play,neutral,0.0,Other
not werke,2,2025-09-08,Dashen,Google Play,neutral,0.0,Other
what happened to dashen bank? this is by far the worst banking app. extremely slow when it works and is out of service all the time,1,2025-09-08,Dashen,Google Play,negative,-0.6249,"Transaction Performance, Customer Support"
simple and easy to use,5,2025-09-08,Dashen,Google Play,positive,0.4404,Other
meke,4,2025-09-07,Dashen,Google Play,neutral,0.0,Other
"not a great app compared to the others ,It freezes randomly ,Takes a lot to load ,and a lot of errors while sending money ,I stopped using it",1,2025-09-07,Dashen,Google Play,negative,-0.7713,Other
bad specialy at weekends,1,2025-09-07,Dashen,Google Play,negative,-0.5423,Other
"I am very disappointed with the Dashin Bank Super App. The app does not allow me to withdraw 50 birr or can't transfer money and even I can't use it to buy airtime. This makes me feel like my 50 birr is no longer my money, but the bank‚Äôs money, since I cannot access or use it freely. According to the National Bank of Ethiopia (NBE), the rule is that 100 birr is not withdrawable, but it can be used to buy airtime or transferred to friends. Dashin Bank‚Äôs restriction goes beyond this rule and unfa",1,2025-09-06,Dashen,Google Play,positive,0.7522,Transaction Performance
It is good apps but it needs strong network,5,2025-09-06,Dashen,Google Play,positive,0.7506,Other
very slow,3,2025-09-06,Dashen,Google Play,neutral,0.0,Transaction Performance
The app doesn't allow to switch between accounts. Why is it not possible to use two accounts on the same app even if the accounts have been opened at different branch?,2,2025-09-06,Dashen,Google Play,negative,-0.1695,Account Access Issues
lacag inaad amaahisan somalida maxaad ku diiden,5,2025-09-05,Dashen,Google Play,neutral,0.0,Other
Dashin mobile banking is become worest app like others Ethiopian bank apps. Amole was the best app ever I used. It was so flexible & reliable to use. and the best app user can login with new device without go to bank physically.,1,2025-09-05,Dashen,Google Play,positive,0.9245,Account Access Issues
"The app has potential, but the QR payment feature is disappointing. The scanner doesn‚Äôt work, and even though there‚Äôs an option to select a QR code from the gallery, it doesn‚Äôt function either. This makes paying with QR codes almost impossible. Fixing this would really improve the app.",3,2025-09-04,Dashen,Google Play,neutral,-0.0027,"Transaction Performance, Feature Requests"
"very slow and failed transaction multiple times, previous app was much better!!",2,2025-09-04,Dashen,Google Play,negative,-0.3066,Transaction Performance
great üëç,5,2025-09-02,Dashen,Google Play,positive,0.6249,Other
